month,0,1,2,3,4,5,6,7,8,9,10,11,12,13,14,15,16,17,18,19,20,21,22,23
1,35.16258082583479,22.456309681943473,21.301187047176743,16.70376345992635,17.298045681498547,12.192107223738178,11.222398905769955,8.215060336580533,6.684663693344545,3.3010206899677432,5.066626327912423,1.8796094109665784,4.018111831844021,2.860846166712635,0.8395361621913598,0.9510771685860114,1.4906268650252446,1.6907585365059357,0.8745044992537223,0.6190282519693169,2.8393420718836326,6.558118225870011,13.972789851675278,26.67254613815237
2,39.80268798279225,38.12762675516989,28.1867741490973,10.994988635286054,9.945985887209668,14.492673207658482,13.133256398575432,11.47194196543831,7.396219494348897,1.1626618293218856,5.227859205303422,4.499916144272676,0.6198831157961481,2.5895017484868785,1.4998641630960299,0.975594647441435,0.2549476053209571,0.30669836817513885,0.5023309383157382,0.33919016659419854,2.595002338546676,5.21134331523268,8.983275377331902,17.708566056820406
3,20.404177402932316,10.065078099239429,4.914225537231235,14.195768404142775,7.231025448702294,9.078652630889307,6.8201553617237485,3.9316280980429363,3.502274454862769,4.175842078756663,2.377943357763664,1.794604763779462,0.6650448349040562,0.6879070605223355,-0.07934461355843515,-0.6043073317948845,-0.6150710616721131,-0.3448050660077629,-0.7636868565851922,-1.2361649701982702,-2.401528224103421,0.8841129234432294,6.339877571185373,7.937347327707764
4,91.75770656201908,30.710348500807996,35.78519843278904,37.644336955099874,16.518680748678953,13.917354512074887,11.978510537755627,6.159224949147399,8.647656848167774,9.027717920796078,8.364182021130773,9.903667521934825,4.080795931773081,9.483515443340384,6.48864509940834,2.571210279179814,2.2302059423086904,2.8983048048663154,2.5026514451995863,2.4624511195342986,0.6783097698386081,4.713138359785203,12.669428790208013,24.238963880247518
5,37.50909194635478,16.26983473442657,11.146142609681013,14.16478209045957,7.59049041391682,4.773545494788413,8.243445527048806,10.049491227981033,11.467473461322461,11.112309683957042,11.774541349716948,10.241383985253375,4.323311188494605,9.0283958600074,0.9828815646423902,0.9675225290483254,0.14208605939809132,0.24096101801358832,1.424651301264204,3.8784132715504787,1.2261576103531742,1.8016650908135048,8.049814478776582,7.023365598194774
6,11.782642699143643,3.727523424749792,3.001100131580417,0.611703629708726,0.38115142513276545,5.080642498106378,7.087732976045409,18.552653571834014,22.34157213754941,24.505567475638614,21.582488436340437,16.758184279752207,8.3612764750282,5.967015807359983,2.066287684807697,-0.24221365649182583,-1.1560524588294945,-1.7053566268674376,-0.30118884693492143,-1.5878578784666988,3.7164159988907386,5.7955522757489994,9.202377337139263,11.129018554574692
7,12.752754266879247,9.024780707298945,3.052643554183214,2.2144038107865716,1.4167284990356943,5.781378599701337,4.93239734311673,11.949873529779627,9.801200362651382,11.484392087302345,11.729347450177873,6.92690721383531,3.374798265055901,2.801410654063186,2.9759197394449868,1.600282372207199,1.5225873183999188,2.065881845715586,2.1206787372675087,2.6111423027384344,2.387272060672456,4.482356875525592,7.670433880311046,13.206360569797258
8,25.12640253255494,16.57636549947297,10.30535222551294,11.441698765143228,5.973187722368175,8.534345833162657,6.384083630860166,8.38499112995747,9.776990714689507,13.680000007676473,11.344687569608451,13.153647057321875,7.039369964290112,8.34135348805109,6.3716041276696656,6.259991690952248,4.341129383086019,3.860029076422342,2.5954128205594165,2.851999096849645,2.9518170757540765,3.7840051818643023,7.237934792709834,13.438390609015917
9,62.44878181954054,42.77747687685586,56.68944991045652,36.54710507061387,20.681928549878897,14.530373749859162,4.0846087410669165,7.4112368099943575,6.04987626012243,8.713456244834976,9.825407563118375,8.663885169732023,3.140062701268484,4.400641145360933,1.7139211384709614,1.2331194558506289,1.3922354278629243,1.422459353413958,0.899952417658964,-0.43641976377382624,0.6853495624959062,12.542252637803859,22.48775512953003,18.831283538577832
10,129.79299960833265,82.54548327220974,74.53963849837359,77.47640968436595,53.496015657375025,30.811005347584803,14.592276503874997,7.2636171143912955,8.219491576873798,10.529107699489332,9.190688208070743,10.394147039898408,1.5797009653105858,5.9927082296561425,3.2670964786649432,0.24431968165716852,1.37915030830442,0.855796101502974,2.240131254565728,2.7924186220472182,5.049375706212724,22.331904281336897,38.24733108507791,56.97404007604952
11,259.8018264340835,133.57707233259904,185.48871196251773,185.1710382165614,80.53437173973768,39.705075153245986,22.444184985224386,5.426731183826154,4.50823719665367,5.359538064621023,4.644429437123756,9.57167939998568,1.8355375826078975,6.370945484096436,2.2664914694197846,-0.3163560549096578,-0.09836680201385128,0.7714554904802814,0.6351568001802592,2.886410822574595,5.810343814701011,32.496181933411414,56.1930223727746,86.95336043470526
12,206.0973082706186,82.30271618685735,101.27309435085118,81.43115829003784,51.63741580505062,37.87965777751346,24.665211560283865,15.012274256551763,7.730614986811531,5.831438436110703,8.678596186874586,5.793217100161137,1.7260080445196753,10.399655214923872,5.024390512522204,2.046014087328804,0.7122177268943041,1.9274217359833434,0.14681288714817542,1.5166431312809652,11.523656969216617,33.32730139624326,63.623243870118856,73.12025177581828
