date,CC,eta,Cdec,Copt,ren_share,neg_freq,curtail_mwh
2025-01-01,3659.1806378911647,0.02660154156787163,155966.497115,4148.949256200003,89.74119209357265,54.166666666666664,11375.970593
2025-01-03,50.40799565690592,0.664858271418688,728810.04836,484555.3889452,38.697526913891224,41.66666666666667,2986.0098510000003
2025-01-04,29.686732941478702,0.7710888980843177,1055904.190125,814195.9984461002,37.08811909465085,8.333333333333332,1087.3785349999998
2025-01-05,42.60687174227584,0.7012284806353758,883390.8563849999,619458.828030037,62.51241184531538,0.0,174.77820900000006
2025-01-06,4141.893197578379,0.02357437949099902,160738.33068,3789.3064062000108,94.18607285693578,45.83333333333333,5814.665209
2025-01-08,43.94511192324515,0.6947092448218894,756945.732335,525857.1980815999,32.58438397574006,16.666666666666664,1079.144634
2025-01-09,28.62107326064438,0.7774775739691958,805539.96638,626289.25879635,65.97023495465976,0.0,71.73037500000004
2025-01-10,33.745671775739936,0.7476877469924896,848126.03168,634133.4417925001,64.7169737688514,12.5,234.7498660000001
2025-01-11,25.28027231526957,0.7982102700762702,695787.75347,555384.93061305,63.16685217794967,0.0,193.02882499999987
2025-01-12,26.499090525744307,0.790519517447824,1278945.5004500002,1011031.3798578,48.2513890784917,16.666666666666664,385.7167159999997
2025-01-13,38.86785013187991,0.7201090814398875,1191868.750855,858275.5113751001,56.4157379653206,20.833333333333336,1549.829884
2025-01-14,33.42407330600111,0.7494899347785257,905109.000405,678370.085681,62.70139673927679,12.5,565.898359
2025-01-15,204.79266396677644,0.32809188613181445,297524.89957,97615.50547109997,69.3220500622442,50.0,13084.396225
2025-01-16,273.8987130051362,0.2674521107501815,212931.468465,56948.97068609996,83.85809949968196,45.83333333333333,5321.225165
2025-01-18,99.97009839891899,0.5000747651806956,380235.83887,190146.34783620003,53.24059271099846,33.33333333333333,3337.168259
2025-01-19,28.581227245700163,0.7777185063641867,1454291.6122150002,1131029.500469815,26.434984553682494,0.0,552.243916
2025-01-20,26.88880438116886,0.7880915931684881,1549879.3638,1221446.8970361047,50.82474544038767,4.166666666666666,333.01607399999983
2025-01-21,334.4269833260632,0.23018827982179937,257063.918945,59173.10130620001,77.22608239432736,45.83333333333333,6766.971428
2025-01-22,146.40077462648944,0.40584287996491325,266689.264465,108233.9391462,59.88132662873972,37.5,8832.272250999999
2025-01-23,579.6759201102853,0.1471289434290593,174706.10545499998,25704.32470619996,75.54657708900973,41.66666666666667,4040.961658
2025-01-24,138.20095520870777,0.41981359777664046,260852.87248000002,109509.58288620002,51.204844917082774,45.83333333333333,7157.0220850000005
2025-01-25,514.5497817783491,0.16272074771652462,177796.85167499998,28931.236646200017,74.30051407932238,45.83333333333333,5731.821624999999
2025-01-26,66.31938495724722,0.6012528246524314,671217.9050500001,403571.66136860003,55.05600230134483,50.0,6777.908542
2025-01-27,488.62267978543963,0.16988811922172495,206536.85741499998,35088.158256199924,78.10923570911012,41.66666666666667,10322.302099999999
2025-01-28,929.1270769111212,0.0971697298064934,157159.592155,15271.155106200049,74.12571544690435,50.0,10937.111260000001
2025-01-29,623.3669559490592,0.13824242202050793,188287.66283000002,26029.342546199965,71.53729625575495,45.83333333333333,8613.658008
2025-01-30,709.5083429941782,0.12353177192729585,163744.61129,20227.661976199994,80.84456405316737,41.66666666666667,6591.614717
2025-01-31,1401.545526126592,0.06659804731859274,157185.78558499998,10468.2663862,89.62041616693868,45.83333333333333,3648.589324
2025-02-01,50.247433668132395,0.6655687725148152,748939.14325,498470.50626119983,52.426426814687225,29.166666666666668,2222.4261340000003
2025-02-02,30.023240982417835,0.7690932732058442,1429990.5929500002,1099796.1457854817,43.99184268831991,0.0,216.6824650000002
2025-02-03,23.697932289969128,0.8084209505263426,1984216.061475,1604081.8344672553,41.297918361022944,0.0,292.60939699999994
2025-02-04,154.05737625435677,0.3936118741141456,415182.7179349999,163420.8477062,74.16134425001806,33.33333333333333,4167.064158
2025-02-05,75.10284306338524,0.571092954577563,514666.525945,293922.42692410003,62.875856856571,33.33333333333333,5771.163365
2025-02-06,34.77295266041375,0.7419886410886103,1256729.690045,932479.1549322,50.69164213438576,20.833333333333336,1500.7807750000002
2025-02-07,792.1590379487432,0.11208763880251724,155127.27935,17387.85045619999,90.71471501611056,41.66666666666667,5939.643353
2025-02-10,103.39392815891954,0.49165676136539405,369926.425345,181876.82822859992,58.39685504311736,25.0,2870.660624
2025-02-11,23.4894551797378,0.8097857412558092,1341714.6013,1086501.352967463,55.99499299693923,0.0,270.00645099999997
2025-02-12,28.31526984223884,0.7793304734732512,1636581.5309300001,1275437.8593772554,48.907633251124054,8.333333333333332,401.84726499999965
2025-02-13,131.36595025288776,0.4322157166631388,357550.401335,154538.90295619992,68.48140242614625,41.66666666666667,7812.788418
2025-02-14,1104.7170627724017,0.08300704214304987,156813.537745,13016.627936199957,74.71246070495995,50.0,11420.589482000001
2025-02-15,3325.5417231111123,0.02919246299799232,156940.51942500003,4581.480306200008,84.78022569305071,50.0,12350.550224999999
2025-02-16,177.13140105043516,0.36083965808624113,261740.67845500002,94446.41692096299,74.57990911299676,41.66666666666667,6324.133513000001
2025-02-17,59.27574000508298,0.6278420052972832,638102.0771349999,400627.2876928,44.17634474819015,33.33333333333333,2598.807733
2025-02-18,746.5655872407225,0.11812433851219706,221849.52717000002,26205.82864619994,74.85382953740606,50.0,6992.643025000001
2025-02-19,861.6645912485109,0.10398635959983916,180999.99200499998,18821.53025619994,84.13593136808159,45.83333333333333,10398.094142
2025-02-20,675.2787828875523,0.12898585928992742,172446.891455,22243.210476200016,74.46149671882566,45.83333333333333,7478.806693
2025-02-21,56.84870984309827,0.6375570452573935,697582.2709599999,444748.49149720004,50.756408511519595,37.5,2996.0891509999997
2025-02-22,65.18530592034458,0.6053807234417198,739410.09182,447624.61630610004,67.36759504436786,33.33333333333333,5651.630915
2025-02-23,212.97384164455946,0.3195155207685656,238004.88838000002,76046.25585620003,62.0980573663586,41.66666666666667,9868.493416
2025-02-24,115.67245396980228,0.4636660739901521,338238.60097500007,156829.7641859999,73.57216562260417,29.166666666666668,3529.3814809999994
2025-02-25,41.253564576987216,0.7079467360662404,1234414.96075,873900.0424142987,24.745912703359917,4.166666666666666,513.802169
2025-02-26,37.94367389933778,0.7249335701539559,1167565.016235,846407.0756061,41.056371747110695,29.166666666666668,2964.052541
2025-02-27,28.597319002271725,0.7776211881853731,1241290.19855,965253.5590793088,35.998311796088046,0.0,289.401099
2025-02-28,31.785876449068798,0.7588066543583442,1026401.7797900001,778840.5005498999,46.07366059909576,16.666666666666664,717.5798750000001
2025-03-01,72.13669953885362,0.580933643249205,307352.92168,178551.65255485,69.77372444028934,12.5,947.3784830000002
2025-03-02,596.3318033754099,0.14360969801358836,176412.93141499997,25334.60780620002,78.7869018558561,41.66666666666667,8775.461624
2025-03-03,232.38365856901808,0.3008571493271394,228160.64763499997,68643.76203610003,69.82893733663762,37.5,6963.989721999999
2025-03-04,33.6165004954841,0.7484105602913896,764220.04831,571950.3545416,42.29329523688506,29.166666666666668,2153.9737950000003
2025-03-05,837.1536134535173,0.10670609232512977,224092.61069499998,23912.046806200033,90.83686078545351,45.83333333333333,7329.791532
2025-03-06,654.6965578775802,0.13250358565464807,171710.93509499996,22752.31459620004,90.06625554726858,50.0,6567.325908999999
2025-03-07,85.13943804723026,0.5401334316164953,399862.75593,215979.24253609998,68.17621135822125,25.0,2776.9797270000004
2025-03-08,45.248206284716126,0.6884766604551357,1038325.5266249999,714862.8910361,32.97308498795412,29.166666666666668,2746.654724
2025-03-09,26.35913863265602,0.791395075038571,1081610.01674,855980.8403604224,43.067753925091566,4.166666666666666,80.5230499999999
2025-03-10,24.4488450511095,0.8035430136690406,1145561.635285,920508.0487605433,42.80014807692869,0.0,28.720000000000027
2025-03-11,31.666017647562477,0.7594974146455571,1016593.879295,772100.4230690501,45.79690534986748,0.0,85.53358300000014
2025-03-12,23.017113380449032,0.8128950294154186,934566.9745150001,759704.8482390498,47.640704550357995,0.0,166.0370240000001
2025-03-13,20.73103739245212,0.8282874243425644,1023544.4874199999,847789.027185142,40.780144630519345,0.0,20.038117000000057
2025-03-14,26.28117338118599,0.7918836776891915,1072438.863325,849246.8311866173,52.39306498929763,8.333333333333332,281.13501599999995
2025-03-15,42.38681093201761,0.7023122390720926,1028984.32559,722668.2856752,51.906608752080096,16.666666666666664,1721.2472269999998
2025-03-17,124.48514744307454,0.44546376960354683,358560.25697499997,159725.60370209994,67.12603895040878,29.166666666666668,8538.643649
2025-03-18,30.876563879585987,0.7640787398117037,695964.2859700001,531771.5145779098,44.49324092777099,0.0,52.18104200000005
2025-03-19,45.354583260614376,0.6879728024860723,689338.96421,474246.4590704,61.92523321565688,12.5,163.2444089999999
2025-03-20,24.299764685542677,0.8045067523094919,1112774.9259900001,895234.9417596501,33.33942242427226,4.166666666666666,101.56164999999993
2025-03-21,21.389072869502357,0.8237973784304591,976883.7366050001,804754.2612465501,43.19786963299488,4.166666666666666,219.17248200000006
2025-03-22,87.66663271734149,0.5328597766797327,364470.413035,194211.62289620002,50.31285040707252,29.166666666666668,2595.145442
2025-03-23,98.08519955879102,0.5048332748874574,335743.207015,169494.3427186,76.18444661813402,33.33333333333333,3286.284918
2025-03-24,278.960039703577,0.26388006523912155,240044.47142000002,63342.950778600054,89.06458779557647,33.33333333333333,5722.931833000001
2025-03-25,151.0689619615287,0.39829694287469514,362600.79044,144422.78631619998,79.98180296490544,25.0,3433.5692249999997
2025-03-27,39.958490022435996,0.714497562698551,611024.8675099999,436575.7785841,74.84750697753442,16.666666666666664,1208.0241929999993
2025-03-28,37.47979915399364,0.727379590422504,1000846.78608,727995.5253345498,64.19220887582065,4.166666666666666,802.4913329999995
2025-03-29,24784.23187352679,0.004018609073739804,168050.56520999997,675.3295262000084,92.52748230089743,45.83333333333333,7626.450806999999
2025-04-01,60.75877133746774,0.6220500391240126,695642.998565,432724.7544737037,42.39220483130448,16.666666666666664,1714.312367
2025-04-02,61.95350497736841,0.6174611658696373,517531.529605,319555.6216442,62.93256219005615,0.0,774.9847749999992
2025-04-03,78.96895824037286,0.5587561160505287,458554.69953000004,256220.24290610003,52.381803372851024,25.0,2618.44946
2025-04-04,103.7062989590784,0.4909028366378034,309339.93051,151855.84937269997,55.439195526776174,8.333333333333332,677.4247010000001
2025-04-05,48.32570878548554,0.6741919578124108,732536.4693100001,493870.19641309994,30.722436203994384,33.33333333333333,2589.667091
2025-04-06,53.627853816634335,0.6509236282071417,540753.4373550001,351989.1894085999,47.75581336865129,29.166666666666668,7162.565509
2025-04-07,30.994195948800026,0.7633926012957527,1456710.6293000001,1112042.1166365,35.57787138421778,16.666666666666664,617.1613080000001
2025-04-08,30.582365545658828,0.7658001873540456,1197756.75807,917242.3497345803,45.71373964335646,0.0,19.48590899999988
2025-04-09,27.882439450318348,0.7819681922696624,1193912.4703799998,933601.5761912554,47.31812727207053,0.0,52.68057600000009
2025-04-10,36.98773474380271,0.7299923616302004,1003065.464385,732230.1272160999,38.86286531310219,20.833333333333336,1296.3473759999997
2025-04-11,49.78737008774884,0.6676130299999107,416497.051665,278058.8586481,70.31416067067802,8.333333333333332,76.75116599999978
2025-04-12,40.060944110563526,0.7139749102437895,729917.83675,521143.0219789222,48.63691483759752,45.83333333333333,2385.0395810000005
2025-04-13,38.23233730460878,0.7234197290583317,1065736.1588400002,770974.5632757001,25.063985236980287,20.833333333333336,1994.2840149999997
2025-04-14,40.00043065566729,0.714283517069681,620226.61528,443017.6481424223,46.98313507139104,0.0,27.50672499999996
2025-04-15,27.546109411223718,0.7840301868996112,1185313.6523250001,929321.6843670307,28.154512133812062,0.0,4.018515999999977
2025-04-16,26.43362542735713,0.7909288344931258,1467701.1108900001,1160847.1290204937,18.30728037819809,0.0,21.159041000000002
2025-04-17,26.593260778916278,0.7899314654248537,1266929.92184,1000787.8097496666,27.28830197870316,8.333333333333332,212.20864900000004
2025-04-18,47.01801106674521,0.6801887692154988,755611.96736,513958.7740831,67.28770227870885,37.5,3396.910058
2025-04-19,166.44935545716586,0.37530584312513343,354576.22809999995,133074.5302392001,91.01081572901035,45.83333333333333,5163.74059
2025-04-20,541.7698147234165,0.1558191078885457,212150.420665,33057.08928619999,93.83971825953304,41.66666666666667,9836.242057000001
2025-04-21,210.02049035249388,0.3225593246636692,159068.410655,51308.99911620001,72.10830998395951,33.33333333333333,5352.965592999999
2025-04-22,178.24337871157292,0.35939759092582035,207996.56657,74753.46494610002,66.87086950692587,41.66666666666667,2984.9438679999994
2025-04-23,30.79497320011384,0.7645553766581067,724662.159555,554044.35034845,32.85115305080659,20.833333333333336,185.00253300000008
2025-04-24,44.80178557641629,0.690599218800565,988560.86348,682699.3600561,21.30700545710889,20.833333333333336,1924.687692
2025-04-25,29.49661890840595,0.7722209339745839,807731.148485,623746.90188345,28.269315844327235,0.0,4.042542000000026
2025-04-26,35.75363652139972,0.7366285173821945,514149.6295200001,378737.2793059222,57.0712802220062,0.0,0.7093669999999292
2025-04-27,37.810211086154865,0.7256356347751544,879312.933735,638060.7988367999,31.938534808614573,4.166666666666666,217.81655800000001
2025-04-28,29.157937755589362,0.7742458708905211,1283653.93912,993863.7620160123,21.94092205645985,0.0,3.5375000000000227
2025-04-29,35.897691407665704,0.7358476730853369,768728.3203799999,565666.9457864224,42.87494350111959,4.166666666666666,54.02920000000012
2025-04-30,77.30630514381996,0.5639957356219575,494526.784215,278910.99744809995,74.73823001613127,25.0,2844.6599740000006
2025-05-01,30.45502900938148,0.7665476812918316,1080364.8784150002,828151.1924981499,61.67797274677282,16.666666666666664,94.50376800000004
2025-05-02,42.608309974147936,0.7012214086130606,554821.08909,389052.4256199222,79.53991123391593,29.166666666666668,666.7263079999998
2025-05-04,3474.3119894638976,0.027977412238991136,159273.483485,4456.059906199992,93.73153799761674,75.0,12589.923031
2025-05-05,386.2224817854128,0.2056671662585391,168742.44352,34704.780186299984,75.36784270914046,70.83333333333334,10827.661899
2025-05-06,236.88906194666828,0.2968336206054403,242842.02456,72083.67738530005,73.10924373963334,45.83333333333333,6210.265167
2025-05-07,184.7968938604573,0.35112742503784916,245419.29916499997,86173.4465704,68.19204943324864,33.33333333333333,4371.826791
2025-05-08,25.151586443624137,0.7990310218324405,825299.9402049999,659440.2545402531,70.20118751003537,8.333333333333332,57.60863200000006
2025-05-09,26.425530333992015,0.7909794780834154,1022496.461895,808773.7177718459,61.65579154606314,4.166666666666666,8.644175000000132
2025-05-10,30.278976246531172,0.7675835570795915,880898.60956,676163.288152531,41.44688644851325,12.5,46.26204999999999
2025-05-11,21.979438607898327,0.8198102986967254,1340656.178215,1099083.7419120495,24.495410018810993,0.0,12.693633000000034
2025-05-12,21.89563544555986,0.8203739176917558,1459816.429775,1197595.3236053088,28.653090893342213,0.0,-1.2891670000000204
2025-05-13,22.974553418588332,0.8131763622642634,1348347.308865,1096444.15969165,22.316076930882513,4.166666666666666,118.56295799999992
2025-05-14,18.578037343050468,0.8433264898009439,1244908.03365,1049863.92214305,38.50176145384796,0.0,53.0818569999999
2025-05-15,23.390922013654382,0.8104323913629079,1731931.98693,1403613.7818455924,15.111758399555345,0.0,2.058325000000007
2025-05-16,21.864628163420747,0.8205826539420427,1400639.709205,1149340.6497960498,22.05952186313426,0.0,11.054349999999971
2025-05-17,80.54304343858922,0.5538845368695388,292531.52651500003,162028.68908349998,74.65547862913414,0.0,527.2970169999999
2025-05-18,58.65591075737995,0.6302948281134143,720862.4079100001,454355.84748705546,73.0296735485685,25.0,2383.3262760000002
2025-05-19,27.25957516456849,0.7857954882426947,1153877.88177,906712.0334779036,64.63046793591298,4.166666666666666,316.08477600000003
2025-05-20,22.118275701365718,0.8188782508241855,1962673.707155,1607190.8122537062,20.328677934788452,0.0,13.675715999999966
2025-05-21,22.531009751275263,0.816119937336591,1752274.6152150002,1430066.2491657652,22.973868914041695,0.0,0.16146699999995917
2025-05-22,23.295661873535167,0.8110585439946004,1530168.1814249998,1241055.977293426,21.981773411236073,0.0,3.78366699999998
2025-05-23,31.628025818439127,0.7597166285691682,887424.32018,674191.0126374357,70.69868379652179,4.166666666666666,1610.070018
2025-05-24,66.69922376525943,0.5998828173358314,421165.32039999997,252649.83896570007,63.90597730102517,29.166666666666668,8113.941043
2025-05-27,38.067996844017465,0.7242808057320854,723709.083895,524168.59839910007,48.636323498944584,29.166666666666668,5911.904977
2025-05-28,22.876936274448752,0.8138223740918106,1058882.01951,861741.8790007591,43.31439792198809,0.0,37.48271699999998
2025-05-29,34.518199542263204,0.7433938332528885,1131777.3229550002,841356.28250021,65.9485134533727,4.166666666666666,569.811167
2025-05-30,17.05273031414549,0.8543158261376778,1193101.203665,1019285.2404749221,56.73373292823785,0.0,0.0
2025-05-31,23.847042185291816,0.8074476243880461,905171.0743150001,730878.2336204223,60.161774962375326,0.0,0.0
2025-06-01,25.374933480227085,0.7976076016484669,1206266.84449,962127.6047817331,40.07332100168762,8.333333333333332,40.50006599999995
2025-06-02,18.6402065718932,0.8428845742054767,1517465.30633,1279048.0985975454,31.958222204257282,0.0,0.6655829999999696
2025-06-03,24.689246002187197,0.8019937821922981,1042517.72949,836092.7368762123,66.22860751376876,0.0,25.60068200000012
2025-06-04,34.25000221304287,0.74487894489051,1262534.08569,940435.0576370719,71.13910517272114,0.0,793.5165910000001
2025-06-05,46.443902171430395,0.6828553358468817,610289.6913749999,416739.5721677654,83.33948951536514,45.83333333333333,5495.065625
2025-06-07,157.8828728767185,0.38777294081024616,420813.08937000006,163179.92919644987,90.59445773058029,0.0,2510.952701
2025-06-08,35.66354063268668,0.7371177217816625,683001.65861,503452.6265677,63.500786677203266,16.666666666666664,1100.745434
2025-06-09,20.04517312972518,0.8330197490900894,1932905.743275,1610148.657277733,44.87723475467342,0.0,0.1736670000000231
2025-06-10,17.9338701659824,0.8479328276029445,2496533.9004800003,2116893.049440615,22.67940152414855,0.0,1.7248409999999978
2025-06-11,21.434872104388624,0.8234866827548297,2401476.215315,1977583.6822643727,44.07738569609944,0.0,7.682841999999937
2025-06-12,18.674816043203283,0.8426387613998512,2546198.2491149995,2145525.338912733,30.77702414239569,0.0,17.80997500000001
2025-06-13,23.883091507205524,0.8072126614162161,1255204.210275,1013216.7311969224,60.340795681379575,0.0,156.23617199999995
2025-06-14,46.06647710478342,0.6846197839649628,735052.196035,503231.2756524532,66.23710873507049,8.333333333333332,854.8380909999994
2025-06-15,38.46775777818375,0.7221897834165367,745371.3011050001,538299.5385099222,73.75445599567028,20.833333333333336,1928.194617
2025-06-16,65.02113416874992,0.6059829882016228,726839.02642,440452.0851715499,64.42837112666234,20.833333333333336,3590.3696590000004
2025-06-17,22.412801814531395,0.8169080236518954,2195323.902505,1793377.710471126,18.48091410927003,0.0,411.16158300000006
2025-06-18,20.296803832639362,0.8312772809751712,2092940.48787,1739813.877999422,42.95391597873801,0.0,0.0
2025-06-19,19.146756476271733,0.8393010683418408,1567182.79373,1315338.1930645397,36.80780821104673,0.0,1.1070829999999887
2025-06-20,15.930564686523464,0.862585292070303,1295263.08137,1117274.8833514221,50.702863235606266,0.0,60.65802499999984
2025-06-21,70.44716552560739,0.586692067841846,520886.52573500003,305599.9928944221,86.30201318341105,4.166666666666666,2405.0318829999987
2025-06-24,1857.3240980597793,0.051090159314508096,211586.82876,10810.004790199944,92.32565881566214,25.0,4751.437873
2025-06-25,28.82452966942915,0.7762496805275013,1804244.9535649999,1400544.5687981877,43.99770965078648,29.166666666666668,6307.962909
2025-06-26,18.087063886288767,0.8468328088527496,3181719.7261650003,2694384.6526905084,9.41175744506113,0.0,0.0
2025-06-27,20.73157996092368,0.8282837020137257,2716131.842055,2249727.7372946753,15.949854037035077,0.0,34.21633400000002
2025-06-28,15.07456544045207,0.8690017608777959,2155569.151515,1873193.3883603914,14.895995987609002,0.0,3.0546830000000114
2025-06-29,17.030403520755584,0.8544788105619476,2177263.4516849997,1860425.4844757991,31.934811280841437,0.0,0.36341700000002675
2025-06-30,25.979640317034047,0.7937790562692909,2239423.8507149997,1777607.750807494,34.07546735987059,0.0,112.12355899999989
2025-07-01,26.408557121501065,0.7910856849974345,3448910.355355,2728383.6109607555,10.695665275991244,0.0,16.34455799999999
2025-07-02,26.60929963666394,0.7898313969587876,3215856.8375999997,2539984.6984610767,16.21848865986305,0.0,31.251932000000068
2025-07-03,47.65363853231364,0.6772606553689176,1273804.4946899998,862697.6668856222,63.510823482000944,41.66666666666667,3200.665874
2025-07-05,664.0929692126954,0.13087412661712855,266524.06354500004,34881.10403889995,89.3504465152872,54.166666666666664,3706.322835
2025-07-06,22.927119203127287,0.8134901447967552,1443237.886595,1174059.7973423295,40.57364272020716,16.666666666666664,320.6108580000001
2025-07-07,370.923270868051,0.21234881813266604,334240.07218,70975.4843,89.01717843013137,58.333333333333336,7190.737467000001
2025-07-08,140.2402580123676,0.4162499692072924,395687.43683,164704.88339619996,86.51240275344303,33.33333333333333,6596.570301
2025-07-09,119.76769708055464,0.45502592659623475,625306.377595,284530.6138716999,84.60161376106281,0.0,2840.089599000001
2025-07-10,66.70870348694781,0.5998487056065992,502049.5270349999,301153.75894235005,86.74529446736159,25.0,3530.5056170000007
2025-07-11,22.704477906028828,0.8149661830319129,1706045.5587,1390369.4370522862,40.893213999168594,0.0,73.46328100000022
2025-07-12,119.29707480346865,0.4560024345496572,370043.25517,168740.62524620004,88.03744420157759,54.166666666666664,6867.2077819999995
2025-07-13,45.36565243204402,0.6879204153591117,936953.0068600001,644549.1016511,55.35041102379444,25.0,6270.889916
2025-07-14,22.679502374663187,0.8151320967589191,1881123.6195899998,1533364.2402991238,35.11046746151115,0.0,22.150866000000164
2025-07-15,17.953473727794186,0.8477919033633031,1479316.93252,1254152.9178986938,34.74557349520349,0.0,11.06508300000013
2025-07-16,34.22227255757325,0.7450328331842693,853818.6257,636122.9097307702,66.47038503332091,20.833333333333336,83.43266599999981
2025-07-17,15.444407960111265,0.8662177905971187,1901902.9580249998,1647462.17823054,27.769590000022408,0.0,8.75901600000006
2025-07-18,46.37498236803807,0.6831768542835066,697923.826995,476805.40465595043,77.82519132989084,37.5,2449.1833080000006
2025-07-19,26.76244082443084,0.7888772048694022,1299412.907565,1025077.2224911001,40.05725421986527,20.833333333333336,2996.3878170000007
2025-07-20,54.13549834150442,0.6487798143581359,562279.046965,364795.29570742225,83.79445435696691,33.33333333333333,2719.319401
2025-07-22,204.4472406729497,0.32846413644268924,672341.0952,220839.9372297999,74.36400005513829,29.166666666666668,10849.694326
2025-07-23,20.43372812089748,0.8303321798658838,1273344.94671,1057299.285322922,46.644189802560774,4.166666666666666,630.8864750000002
2025-07-24,310.69716257039096,0.2434884121773318,436294.48471999995,106232.65132619994,89.19926178805358,33.33333333333333,6101.474908
2025-07-25,1301.3291024837254,0.07136082439361269,486608.55435,34724.787595400085,85.78082898095988,45.83333333333333,4713.027514999998
2025-07-26,1274.6867886450545,0.07274384305283384,315844.0616,22975.71084619998,92.21676466127005,12.5,5848.359882
2025-07-27,89.73235875574534,0.5270582237831999,428845.0891150001,226026.33094710004,70.44055408807105,25.0,4439.893440999999
2025-07-28,24.170955888000176,0.8053413077547545,1886753.111315,1519480.2180767742,31.20091835010645,0.0,14.698799000000008
2025-07-29,23.647304385252458,0.808751961857788,2194357.77139,1774691.152629546,30.96353807341115,0.0,0.4459999999999127
2025-07-30,21.24389249015436,0.8247838134042136,1860254.09192,1534307.46383457,25.585858907853975,0.0,59.59717500000008
2025-07-31,21.640644394065877,0.8220936389981703,1963873.8294399998,1614488.1829776014,28.745289010207372,0.0,108.298584
2025-08-01,19.180424056053248,0.8390639720577578,1628987.962395,1366825.1101614223,34.9094713723607,0.0,4.951999999999998
2025-08-02,26.620820122066128,0.7897595348347698,1311571.4185699997,1035826.0334324221,51.41692244956185,4.166666666666666,78.60454200000004
2025-08-04,670.534447466108,0.12978005114352595,251533.88559000002,32644.080536200006,89.07466163360257,50.0,7716.760502000001
2025-08-05,35.34057189010942,0.7388767359516967,879753.116725,650029.1113291,64.17321746825861,25.0,2575.3570680000003
2025-08-06,16.957720908545564,0.8550098208411092,2281027.369525,1950300.802551237,29.15110159674243,0.0,7.927633000000014
2025-08-07,19.473990879952417,0.8370022568383113,1617822.60347,1354121.1702684225,50.799788004653,0.0,20.761742000000027
2025-08-08,23.383388803577926,0.8104818725573872,1120392.7380249999,908058.0043142,60.7340524971544,0.0,0.008332999999993262
2025-08-09,17.508898638155877,0.850999380973939,1341220.761905,1141378.03813055,37.57089608671035,0.0,17.877242000000024
2025-08-10,40.06291072313573,0.7139648853769102,732882.4380300001,523252.32586283947,75.56326175378392,0.0,7.526758000000314
2025-08-11,25.303471971353808,0.7980624832395822,972723.4932,776294.1264886728,58.40642255011089,0.0,56.350909999999885
2025-08-12,19.267547174306394,0.8384510486650038,2169517.5021499996,1819034.2247747467,27.54563508498151,0.0,0.0
2025-08-13,19.50157596317003,0.8368090478641023,2036437.89052,1704109.652200422,38.60081146091672,4.166666666666666,160.625966
2025-08-14,1897.830847718021,0.05005428768617866,276349.43863,13832.474303099993,91.80449692379915,87.5,10518.542019999999
2025-08-15,42.50742146620194,0.7017178401737955,546455.51241,383457.58191940986,82.2771142991972,25.0,7394.190774
2025-08-16,45.18668745532576,0.6887683833324608,662777.1633349999,456499.95529992227,80.8859807824073,33.33333333333333,416.4937590000003
2025-08-17,28.407513422098592,0.7787706290307329,1691353.97897,1317176.8021161,47.872763005410036,16.666666666666664,873.2877829999999
2025-08-18,22.693698132547823,0.8150377853308205,1775114.86643,1446785.6894429224,51.30077239390607,0.0,51.02346599999987
2025-08-19,25.077912917620697,0.7995016679392659,1447344.599935,1157154.421730922,61.01147626416688,8.333333333333332,149.4462749999999
2025-08-20,107.75445314426025,0.4813374562448591,591749.174855,284831.0425597,85.8219864288603,20.833333333333336,2624.3535129999996
2025-08-21,44.897985348985884,0.690140720446531,784735.2593199998,541577.7572269,80.40269502924072,16.666666666666664,1367.0150560000002
2025-08-22,23.98206624404598,0.8065682645033537,1287158.70772,1038181.3650261,39.75562444584179,16.666666666666664,1940.7972830000006
2025-08-23,21.07491160062202,0.825934941252406,1115855.4494599998,921624.005095922,57.19443715554237,0.0,10.32446699999997
2025-08-24,76.68306434004903,0.5659852027896533,485587.09577,274835.1108714222,85.19043506826517,8.333333333333332,1732.099741
2025-08-25,185.02295499483623,0.35084893426149383,367146.54015,128812.97232942225,80.74290912232783,54.166666666666664,1990.266327
2025-08-26,10273.801846006647,0.009639667451185661,242083.249035,2333.602016199962,91.36069410303406,66.66666666666666,10556.587625000002
2025-08-28,469.77051242597565,0.17550925823489674,275172.14548,48295.25914009989,90.47829794706018,54.166666666666664,9725.963114999999
2025-08-30,36.57467765826652,0.7322001538983478,1062519.29488,777976.7912311,29.388033275505233,25.0,3514.0361749999993
2025-08-31,26.272643152875194,0.7919371726378804,1489083.149565,1179260.2992892163,21.018028204252193,16.666666666666664,228.0537750000001
2025-09-01,19.033485772310897,0.840099736231211,1877436.0365199996,1577233.519071422,30.46709229486867,4.166666666666666,278.702225
2025-09-02,135.10802409475545,0.42533639753485003,238745.79918000003,101547.27814979997,84.94417330393604,41.66666666666667,8484.740786
2025-09-03,40.26872494577676,0.7129172952748852,854803.0837049999,609403.9024275999,45.90632995816177,25.0,3673.8484670000003
2025-09-04,32.43500199508563,0.7550873899915883,811984.101215,613118.9557011,71.70012567885495,20.833333333333336,1376.1434920000002
2025-09-07,176.78545262944593,0.3612906641227194,183860.23615500002,66426.98682619998,69.73078579959636,37.5,10787.36505
2025-09-08,43.09581007300174,0.6988324811815525,545667.2884699999,381330.0251011,57.1814955845509,29.166666666666668,2946.8578509999998
2025-09-09,17.062074300462967,0.8542476339803293,1225496.4443750002,1046877.4380586501,54.49998616169156,0.0,2.9577750000000833
2025-09-10,77.54991130431695,0.5632219090698504,523243.66056,294702.2934093,75.88904543527987,16.666666666666664,1298.2770500000001
2025-09-11,27.62125039108952,0.7835685647457187,1176698.27178,922023.7759574222,41.6808682365437,8.333333333333332,38.56525100000022
2025-09-12,27.96497876674637,0.781463811143823,1299542.3818499998,1015545.3424634221,32.67086897367789,4.166666666666666,89.351367
2025-09-13,60.307332757394484,0.6238017829872933,644946.4723250001,402318.7593677,75.72025766094806,41.66666666666667,6400.643049
2025-09-15,2314.636676244696,0.041414098023029505,193017.76669999998,7993.656710300039,81.00266482359085,58.333333333333336,10802.047619
2025-09-16,2380.1582034837165,0.040320008562170155,214907.10884,8665.056468500034,86.6425900158276,66.66666666666666,10249.472691
2025-09-17,33.7825190609945,0.7474818137817223,940934.1060449999,703331.1322355999,47.94874401941796,25.0,1747.465684
2025-09-18,79.94132304603224,0.5557367163206763,265045.87447,147295.72395229997,74.69647628339672,41.66666666666667,7426.269265999999
2025-09-20,148.97658409475628,0.4016441962347017,177702.18538,71373.05141610006,92.38027502393038,41.66666666666667,4388.937683
2025-09-21,115.06059435759124,0.46498523031943895,195467.16925,90889.34671360001,84.03402969539485,33.33333333333333,2776.2444429999996
2025-09-22,17.678784734432547,0.8497708420907939,989872.01963,841164.3796830999,53.76840512101455,25.0,1657.038983
2025-09-23,29.15741827362835,0.7742489849723035,666521.924615,516053.92359495,58.1202475499455,8.333333333333332,51.26246599999979
2025-09-24,27.213996643205526,0.7860770248455281,764299.755445,600798.4778503703,58.26187127387331,4.166666666666666,62.65613200000007
2025-09-25,46.23359347173442,0.683837397590377,624550.304485,427090.8548832999,71.74696423942059,45.83333333333333,4746.200608
2025-09-26,101.1292018273234,0.49719284465640934,269406.87412500003,133947.17011619997,59.31664446034861,41.66666666666667,10503.141349999998
2025-09-27,187.03844870134486,0.34838538339526454,151725.69363,52859.01394619999,56.34316408094732,33.33333333333333,7969.548142
2025-09-28,46.10694039309717,0.6844301833366193,670591.95195,458973.3726171999,63.67573025466949,33.33333333333333,3883.130916
2025-09-29,63.64669723958824,0.6110725220050987,330331.659645,201856.60035740002,79.6131547903528,29.166666666666668,5079.717433
2025-09-30,470.36712002234367,0.17532567444645578,157023.969125,27530.333291100073,95.91140444407054,62.5,9007.833940999999
2025-10-02,228.97942929250758,0.3039703735125832,148403.810015,45110.36156094999,71.78170305910346,41.66666666666667,9864.115733999999
2025-10-03,32.46861818625615,0.7548957735740552,809527.860715,611109.1606441999,55.26461228395533,41.66666666666667,4794.6581670000005
2025-10-04,1028.3531591974506,0.08862473524789502,178241.18427000003,15796.577766200022,92.69986471101248,79.16666666666666,19967.393425000002
2025-10-06,29.74404874778866,0.7707482614049717,1029264.9313899999,793304.1563939499,26.95159632769556,20.833333333333336,315.7122489999999
2025-10-07,46.27477089265876,0.6836448923470425,734482.9443000001,502125.51338671235,27.627089464185403,37.5,4581.275007
2025-10-08,626.1752333171023,0.13770780854534118,170857.502415,23528.41223109999,83.03269025081565,58.333333333333336,9146.399983
2025-10-09,1337.0943551530904,0.06958485338239828,165968.60092,11548.900761099972,87.84142315519829,79.16666666666666,16178.945507999999
2025-10-10,500.22575001043447,0.16660398191557355,167282.23984,27869.887261099997,88.47423640830337,83.33333333333334,16241.368007
2025-10-11,119.7669056275922,0.4550275652943661,189858.95109500003,86391.05626609999,78.56941905541274,37.5,9520.395165999998
2025-10-12,41.96052754131528,0.7044211636287181,545393.97084,384187.05557519995,58.14415174854156,29.166666666666668,7578.160165
2025-10-13,45.39682893021608,0.6877729090501381,501689.597755,345048.51408815,64.50176461030834,33.33333333333333,1599.30265
2025-10-14,27.517685961237728,0.7842049457390371,898773.304805,704822.4707263,47.12158397738964,37.5,4792.7979080000005
2025-10-15,42.772241781509535,0.7004162626586355,633660.34096,443826.00781019987,73.07799030545662,58.333333333333336,9716.655824000001
2025-10-16,60.04019107154728,0.6248430430534426,448780.68600999995,280417.4895100999,69.89882431313966,37.5,9482.413257
2025-10-17,62.04675387579821,0.6171058512942854,563701.171325,347863.29120609997,53.25270007725367,41.66666666666667,6605.8454679999995
2025-10-18,118.83839968459914,0.45695819446735586,267322.181735,122155.06150669997,83.6068816692346,70.83333333333334,10980.742434
2025-10-19,33.96277061832028,0.7464760510583553,753377.616025,562378.3477661,62.524498890344624,20.833333333333336,5373.238676
2025-10-20,22.593945629847997,0.8157009670113183,1580488.314845,1289205.8467691555,49.27724804054975,0.0,39.82465800000034
2025-10-21,97.69402756634845,0.5058321752610296,577354.5129549999,292044.48918479995,80.40307558299915,45.83333333333333,6800.396635
2025-10-22,35.18443373181284,0.7397301393323593,664555.0897349999,491591.4291237,51.66632468116469,33.33333333333333,11671.344409000001
2025-10-23,28.493438338842367,0.7782498569016106,1348337.39908,1049343.3878890998,38.5144908509712,4.166666666666666,437.8478409999999
2025-10-24,24.04567912160432,0.8061546416459062,1160544.21387,935578.1048465999,44.4810914123579,25.0,1158.4782750000002
2025-10-25,69.31683411104628,0.590608727862317,286327.90141500003,169107.7576062001,92.65150599395453,29.166666666666668,2651.5395
2025-10-26,154.12359720892348,0.39350930452077093,208332.202185,81980.65999109998,89.05290857231773,54.166666666666664,14394.651976000001
2025-10-27,47.93674748608895,0.6759645706649281,324375.6756,219266.4642911,81.76131753849144,37.5,1854.3535770000003
2025-10-28,27.352817605621222,0.7852201614390203,1026656.47406,806151.3623038086,49.67216708704777,33.33333333333333,4874.3619
2025-10-29,29.827915691240154,0.7702503692489555,883990.72659,680894.1835686,42.904041990147164,25.0,1532.2951930000004
2025-10-30,39.610922177966124,0.7162763374095265,595747.1588900001,426719.59299186047,66.22448594742984,8.333333333333332,1107.1995650000001
2025-10-31,46.82777511532322,0.6810700490520735,666081.905235,453648.4358711,62.80686640104432,41.66666666666667,6959.151943
2025-11-01,40.401662456065246,0.7122422786930475,398727.80171,283990.7980682,70.14362940254719,45.83333333333333,8825.222473
2025-11-02,48.37328629308234,0.6739757708302666,197884.956965,133369.6664062,81.55466352048636,29.166666666666668,5709.808151000001
2025-11-03,61.15425880130573,0.6205234707653271,329688.4163,204579.40035360004,90.60780442495955,33.33333333333333,3827.3482839999997
2025-11-04,899.48805198843,0.1000512210236582,106588.002545,10664.259801100037,81.78435446489043,62.5,8823.908350999998
2025-11-05,37.41342131801243,0.7277309526306932,767786.3494899999,558741.8915312,48.56336009473581,41.66666666666667,4061.5139999999997
2025-11-06,263.85857016167387,0.27483205893863333,107143.30955499999,29446.41636649999,87.44670355883859,25.0,1436.242225
2025-11-08,207.73495763880442,0.3249549572374949,103837.817995,33742.613706200005,82.74766962359746,45.83333333333333,9270.275383
2025-11-09,40.865390414714305,0.7098975816955131,563891.20067,400304.99969501235,59.08923766326834,37.5,4001.17764
2025-11-10,80.54345902577367,0.5538832619005288,397843.61567,220358.91957359997,82.30283216203316,41.66666666666667,6471.032467
2025-11-11,58.718389030759944,0.6300467174009673,366442.11676,230875.6527821,52.03328746530071,41.66666666666667,5845.4761
2025-11-12,65.82734602591019,0.6030368476401667,291994.57824999996,176083.48999589996,69.73579374868115,54.166666666666664,5333.336198999999
2025-11-13,112.13207421456607,0.4714044322163776,284724.82398,134220.54398619995,76.403631454005,20.833333333333336,1803.1034919999995
2025-11-14,60.56238624218251,0.6228108733334724,444998.14894,277149.6857731,39.17778553825541,29.166666666666668,2553.936741
2025-11-17,95.71991173719195,0.5109342177421254,165481.82841000002,84550.32854919998,81.618198085273,45.83333333333333,5140.822351
2025-11-18,149.8525105410037,0.40023612243667583,201073.40441000002,80476.8397062,59.1499065593718,45.83333333333333,6535.823749
2025-11-19,292.6828789183616,0.2546584161638224,147587.82379499997,37584.48145269999,69.58648701995796,45.83333333333333,7627.8210770000005
2025-11-20,581.2893321996738,0.14678051640281925,250092.28095000001,36708.674146199955,83.85510783124035,54.166666666666664,8534.667284
2025-11-22,31.47681485618378,0.7605903756444452,486982.52803499997,370394.2239304222,70.75750808190821,12.5,840.2941489999998
2025-11-23,50.60147771285926,0.6640041088485376,412426.494775,273852.8871285999,56.44262531069427,41.66666666666667,3987.7098650000007
2025-11-24,300.36037659415985,0.24977496736988214,189595.65454,47356.24842619994,86.80289065329852,41.66666666666667,5855.607225
2025-11-25,74.04971388161506,0.5745484883015545,207187.63599499996,119039.34305569995,87.7796474943997,54.166666666666664,12619.610899
2025-11-27,48.999653379389294,0.6711425008847217,624773.658205,419312.1554546,43.90542427573326,41.66666666666667,6617.64318
2025-11-28,128.05989440499945,0.4384813044875629,230588.75998000003,101108.86027619995,86.71240292927097,29.166666666666668,5389.474425999999
2025-11-29,186.56221743958312,0.34896435717693086,201126.88145,70186.11289620002,92.94809973595439,45.83333333333333,9410.805549
2025-12-01,36.40778474675307,0.7330959899807354,380722.82695500006,279106.37773484,61.518091161980934,41.66666666666667,11317.935759
2025-12-02,35.40952250830519,0.7385004994302865,674191.0915,497890.45778419997,41.444713590207634,45.83333333333333,3894.5877429999996
2025-12-03,66.5594562328813,0.6003862059934999,365203.90562,219263.38730919998,75.74333235543087,66.66666666666666,9561.813075
2025-12-04,29.73716161232105,0.7707891768036266,685501.71687,528377.3040437,61.13261497786795,33.33333333333333,4892.793009000001
2025-12-05,84.54638010357843,0.5418692035241983,471419.3718300001,255447.63953940003,75.81945797830147,29.166666666666668,2365.174093
2025-12-06,725.4267640041745,0.12114945184827354,125377.543145,15189.420626100016,89.05496219867622,54.166666666666664,9701.16311
2025-12-07,46.396542061756676,0.6830762434116475,679482.252375,464138.18441720004,27.609128972374815,37.5,5854.620033
2025-12-08,80.87937745104439,0.5528546228387221,376869.005375,208353.77182619995,50.00764870515881,45.83333333333333,7403.649391999999
2025-12-09,95.70544156958594,0.5109719954539104,198104.095215,101225.64483960002,75.91887192009548,29.166666666666668,3001.628568
2025-12-10,258.4975787348613,0.2789419118335477,228948.015185,63863.19706620001,92.5146780215602,16.666666666666664,3805.332367000001
2025-12-11,140.67634816667717,0.4154957508776323,231364.090615,96130.79655619999,71.08671061862394,50.0,7551.601316
2025-12-12,35.59217754109542,0.7375056718865062,757003.1430850001,558294.1116611,63.628854041960984,12.5,923.7419160000003
2025-12-13,138.0508825377487,0.42007825778231506,170410.10625999997,71585.58054619997,89.77186683048656,50.0,8211.781428
2025-12-14,173.15095904152426,0.366097927500954,160798.772935,58868.09751619999,84.08305674658638,50.0,14686.324349999999
2025-12-15,228.63928256913462,0.304284987534816,159174.593195,48434.43910619998,82.30100366622253,45.83333333333333,12212.387026
2025-12-16,67.05200300440153,0.5986159890424372,243263.536535,145621.44252086006,48.30058226094284,45.83333333333333,5911.752675
2025-12-17,26.004461332134106,0.7936226935363093,1161072.954555,921453.8455860999,35.7744588820241,29.166666666666668,2346.225042
2025-12-18,25.4518133399899,0.797118808709346,1534468.852395,1223153.9836226997,47.76289466558425,16.666666666666664,2389.55509
2025-12-19,33.25104349248975,0.7504631662087972,648020.2088349999,486315.29768960003,62.04810546009646,33.33333333333333,2751.4197339999996
2025-12-20,43.17113788309902,0.6984647986918371,428858.35649000003,299542.46563309996,60.90783550809055,37.5,6189.387108
2025-12-21,212.09719802320956,0.32041300156934877,127636.08788000002,40896.262026199984,73.63226899684965,50.0,13934.722833
2025-12-22,108.18906681828472,0.480332620383393,161483.97221500002,77566.01952394999,55.084498672807605,50.0,10360.6955
2025-12-23,211.6997438133602,0.3208215662181554,115208.645765,36961.41817619995,58.72554287235124,41.66666666666667,9097.045084
2025-12-26,814.6636134745336,0.1093298110112087,129131.48313,14117.920646199984,91.61846379860123,62.5,15706.530625
2025-12-27,192.10272432242155,0.3423453178396943,164278.049985,56239.821236200005,58.30510085028009,50.0,7686.081901
2025-12-28,93.81624785846925,0.5159526154537011,244451.41095,126125.344831,56.964461423042344,45.83333333333333,3583.9801250000005
2025-12-29,46.51421968903099,0.6825276086665508,384653.040665,262536.3200114,63.90351672958031,12.5,2845.3879829999996
